brand,colour,model,mrp,name,price,sizes,symbol
 RedTape, BLACK, RKS0001,1199.0,RedTape Kid's Black Sliders,359.0,"1,2,11,12,13",₹
 RedTape, BLACK, RTK0191,3699.0,RedTape Unisex Kids Black Sports Shoes,1109.0,13,₹
 RedTape, BLACK, RTK0321,4699.0,RedTape Kids-Unisex Black Walking Shoes,1409.0,"11,12,13",₹
 RedTape, PINK , RTK0343,4699.0,RedTape Kids-Unisex Pink Walking Shoes,1409.0,"1,2,3,4,5,11,12,13",₹
 RedTape, BLACK &amp; GREY, RTK0181A,4499.0,RedTape Kids-Unisex Black Walking Shoes,1349.0,"1,2,3,4,5,11,12,13",₹
 RedTape, BLUE/PINK, RTK0193B,4499.0,RedTape Kids-Unisex Blue Walking Shoes,1349.0,"1,2,3,4,5,11,12,13",₹
 RedTape, NAVY  , RTK0204A,4599.0,RedTape Kids-Unisex Navy Walking Shoes,1379.0,"2,3,12",₹
 RedTape, PINK , RTK0203A,4599.0,RedTape Kids-Unisex Pink Walking Shoes,1379.0,"1,2,3,4,5,11,12,13",₹
 RedTape, WHITE  , RTK0225A,4599.0,RedTape Kids-Unisex White Walking Shoes,1379.0,"2,3,4,5,11,12,13",₹
 RedTape, BLUE, RTK0226A,4599.0,RedTape Kids-Unisex Blue Walking Shoes,1379.0,"1,2,3,4,5,11,12,13",₹
 RedTape, BLACK &amp; GREY, RTK0181A,4499.0,RedTape Kids-Unisex Black Walking Shoes,1349.0,"1,2,3,4,5,11,12,13",₹
 RedTape, White/Light Green, RTK0185B,4499.0,RedTape Kids-Unisex White Walking Shoes,1349.0,"1,2,3,4,5,11,12,13",₹
 RedTape, BLACK, RTK0251A,4299.0,RedTape Unisex Kids Black Sports Shoes,1289.0,"11,12,13",₹
 RedTape, NAVY  , RTK0254A,4299.0,RedTape Unisex Kids Navy Sports Shoes,1289.0,"1,2,3,4,11,12,13",₹
 RedTape, BLACK, RTK0321,4699.0,RedTape Kids-Unisex Black Walking Shoes,1409.0,"11,12,13",₹
 RedTape, PINK , RTK0343,4699.0,RedTape Kids-Unisex Pink Walking Shoes,1409.0,"1,2,3,4,5,11,12,13",₹
 RedTape, BLACK, RTK0261A,4299.0,RedTape Unisex Kids Black Sports Shoes,1289.0,"1,2,3,4,11,12,13",₹
 RedTape, White/Light Green, RTK0185B,4499.0,RedTape Kids-Unisex White Walking Shoes,1349.0,"1,2,3,4,5,11,12,13",₹
 RedTape, WHITE  , RTK0225A,4599.0,RedTape Kids-Unisex White Walking Shoes,1379.0,"2,3,4,5,11,12,13",₹
 RedTape, BLUE/PINK, RTK0193B,4499.0,RedTape Kids-Unisex Blue Walking Shoes,1349.0,"1,2,3,4,5,11,12,13",₹
 RedTape, BLUE, RTK0226A,4599.0,RedTape Kids-Unisex Blue Walking Shoes,1379.0,"1,2,3,4,5,11,12,13",₹
 RedTape, PINK , RTK0203A,4599.0,RedTape Kids-Unisex Pink Walking Shoes,1379.0,"1,2,3,4,5,11,12,13",₹
 RedTape, NAVY  , RTK0204A,4599.0,RedTape Kids-Unisex Navy Walking Shoes,1379.0,"2,3,12",₹
 RedTape, BLACK, RKS0001,1199.0,RedTape Kid's Black Sliders,359.0,"1,2,11,12,13",₹
 RedTape, BLACK, RSO2928,4899.0,RedTape Sports Walking Shoes for Men | Comfortable  Slip-Resistant,1469.0,"6,7,8,9,10",₹
 RedTape, White/Black, RSL0052,5799.0,RedTape Casual Sneaker Shoes for Men | Comfortable & Slip Resistant,1739.0,"6,7,8,9,10",₹
 RedTape, BLACK, RSO1261B,6599.0,RedTape Sports Walking Shoes for Men | Comfortable &  Slip-Resistant,1979.0,"6,7,8,9,10",₹
 RedTape, BLACK/WHITE, RSO3192,5599.0,RedTape Sports Walking Shoes for Men | Comfortable Lace-Up,1679.0,"6,7,8,9,10",₹
 RedTape, BLACK, RSO3191,5599.0,RedTape Sports Walking Shoes for Men | Comfortable  Durable,1679.0,"6,7,8,9,10",₹
 RedTape, BEIGE, RSO2843,6799.0,RedTape Sports Walking  Shoes for Men | Lace-Up &Comfortable,2039.0,"6,7,8,9,10",₹
 RedTape, BLACK/BLUE, RSO2842,6799.0,RedTape Sports Walking Shoes for Men | Durable & Comfortable,2039.0,"6,7,8,9,10",₹
 RedTape, BLACK, RSO2841,6799.0,RedTape Sports Walking Shoes for Men | Comfortable Lace-Up,2039.0,"6,7,8,9,10",₹
 RedTape, BLACK, RTK0191,3699.0,RedTape Unisex Kids Black Sports Shoes,1109.0,13,₹
 RedTape, BLUE, RSO2844,6799.0,RedTape Sports Walking Shoes for Men | Comfortable & Slip-Resistant,2039.0,"6,7,8,9,10",₹
 RedTape, BEIGE BROWN, RSO2846,6799.0,RedTape Sports Walking Shoes for Men | Slip-Resistant & Durable,2039.0,"6,7,8,9,10",₹
 RedTape, DARK GREY, RSO2156,6899.0,RedTape Sports Walking Shoes for Men | Slip Resistant & Comfortable,2069.0,"6,7,8,9,10",₹
 RedTape, WHITE  , RSO2825,6699.0,Red Tape Sports Walking Shoes for Men | Comfortable & Durable,2009.0,"6,7,8,9,10",₹
 RedTape, Magenta, RLO1178,5499.0,RedTape Sports Athleisure Shoes For Women | Comfortable & Right Fit,1649.0,"3,4,5,6,7",₹
 RedTape, Light Peach, RLO1523,5599.0,RedTape Sports Athleisure Shoes for Women | Comfortable & Firm Grip,1679.0,"3,4,5,6,7",₹
 RedTape, Tarquoise Blue, RLO1313,5599.0,RedTape Sports Shoes For Women | Comfortable Athleisure Shoes,1679.0,"3,4,5,6,7",₹
 RedTape, White/Pink, RLO0825A,5999.0,RedTape Women White And Pink Athleisure Shoes,1799.0,"3,4,5,6,7",₹
 RedTape, BLACK, RLW0021,4499.0,RedTape Sports Walking Shoes for Women | Comfortable Slip-On,1349.0,"3,4,5,6,7",₹
 RedTape, White/Lavender, RLV0156,4999.0,RedTape Sneaker Casual Shoes for Women | Comfortable & Casual look,1499.0,"3,4,5,6,7",₹
 RedTape, LIGHT PURPLE, RLO0977,5199.0,RedTape Sports Shoes for Women | Slip-On Athleisure Shoes,1559.0,"3,4,5,6,7",₹
 RedTape, White/Peach, RLV0183,5099.0,RedTape Sneaker Shoes for Women | Comfortable & Slip Resistant,1529.0,"3,4,5,6,7",₹
 RedTape, White/Pink, RLV0153,4999.0,RedTape Sneaker Shoes for Women | Comfortable & Casual Style,1499.0,"3,4,5,6,7",₹
 RedTape, MINT GREEN , RLW0024,4499.0,RedTape Sports Walking Shoes for Women | Comfortable &  Durable,1349.0,"3,4,5,6,7",₹
 RedTape, GREY , RLW0022,4499.0,RedTape Walking Sports Shoes for Women | Comfortable  Slip-Resistant,1349.0,"3,4,5,6,7",₹
 RedTape, TEAL BLUE, RLO1174,5499.0,RedTape Sports Athleisure Shoes for Women | Comfortable & Slip-Resistant,1649.0,"3,4,5,6,7",₹
 RedTape, Navy/Light Grey, RTF0094,3299.0,RedTape Sports Sandals for Men | Comfortable  Slip-Resistant,989.0,"6,7,8,9,10",₹
 RedTape, BLACK, RMW0091,4699.0,RedTape Sports Walking Shoes for Men | Slip-On & Comfortable,1409.0,"6,7,8,9",₹
 RedTape, DARK GREY, RMW0083,4699.0,RedTape Sports Walking Shoes for Men | Comfortable Slip-On,1409.0,"6,7,8,9,10",₹
 RedTape, NAVY  , RMW0084,4699.0,RedTape Sports Walking Shoes For Men | Comfortable & Slip Resistant,1409.0,"6,7,8,9,10",₹
 RedTape, BEIGE, RFF1127,2199.0,RedTape Slippers for Men | Comfortable  Slip-Resistant Sliders,659.0,"6,7,8,9,10",₹
 RedTape, BROWN, RFF1022,2199.0,RedTape Slippers for Men | Comfortable  Slip-Resistant Sliders,659.0,"6,7,8,9,10",₹
 RedTape, BLACK, RTF0091,3299.0,RedTape Sports Sandals for Men | Comfortable  Slip-Resistant,989.0,"6,7,8,9,10",₹
 RedTape, BLACK, RMW0221,5599.0,RedTape Sports Walking Shoes for Men | Comfortable  Slip-Resistant,1679.0,"6,7,8,9,10",₹
 RedTape, BLACK, RMW0031,5399.0,RedTape Sports Shoes for Men | Comfortable Walking Shoes,1619.0,"6,7,8,9",₹
 RedTape, BLACK/WHITE, RMW0032,5399.0,RedTape Sports Shoes for Men | Comfortable Slip-Ons Walking Shoes,1619.0,"6,7,8",₹
 RedTape, BLACK/WHITE, RSO2922,4999.0,RedTape Slip-On Walking Shoes for Men | Comfortable Sports Shoes,1499.0,"6,7,8,9,10",₹
 RedTape, BLACK, RMW0081,4699.0,RedTape Sports Walking Shoes for Men | Comfortable Slip-On,1409.0,"6,7,8,9,10",₹
 RedTape, WHITE  , RLO1515,5099.0,"RedTape Women's Sports Shoes - Slip-on Shape Adjustable Sports Walking Shoes, Perfect for Walking & Running",1529.0,"3,4,5,6,7",₹
 RedTape, BLACK/PINK, RLO1451,4999.0,RedTape Sneakers Shoes for Women | Casual Lace Up Shoes,1499.0,"3,4,5,6,7",₹
 RedTape, BLACK, RLO1311,5599.0,"RedTape Women's Sports Shoes - Slip-on Shape Adjustable Sports Walking Shoes, Perfect for Walking & Running",1679.0,"3,4,5,6,7",₹
 RedTape, BLACK, RLO1171,5499.0,RedTape Sports Shoes for Women | Lace-Up Closure Athleisure Shoes,1649.0,"4,5,6,7",₹
 RedTape, BLACK , RLW0026,4499.0,"RedTape Women's Sports Shoes - Slip-on Shape Adjustable Sports Walking Shoes, Perfect for Walking & Running",1349.0,"3,4,5,6,7",₹
 RedTape, BLACK, RLO0971,5199.0,"RedTape Sports Shoes for Women's- Black Lace-Up Shape Adjustable Sports Athleisure Shoes, Perfect Walking & Running Shoes",1559.0,"3,4,5,6,7",₹
 RedTape, PINK , RLO1452,4999.0,RedTape Sneakers Shoes for Women | Casual Sneaker Shoes,1499.0,"3,4,5,6,7",₹
 RedTape, PINK , RLO1442,6599.0,"RedTape Sports Shoes for Women's- Pink Lace-Up Shape Adjustable Sports Athleisure Shoes, Perfect Walking & Running Shoes",1979.0,"3,4,5,6,7",₹
 RedTape, WHITE , RLO1445,6599.0,"RedTape Sports Shoes for Women's- White Lace-Up Shape Adjustable Sports Athleisure Shoes, Perfect Walking & Running Shoes",1979.0,"3,4,5,6,7",₹
 RedTape, PURPLE , RLO1448,6599.0,"RedTape Sports Shoes for Women's- Purple Lace-Up Shape Adjustable Sports Athleisure Shoes, Perfect Walking & Running Shoes",1979.0,"3,4,5,6,7",₹
 RedTape, BERRY, RLF0095,3199.0,RedTape Sports Sandals for Women's- Casual and Stylish Casual Sliders,959.0,3,₹
 RedTape, MINT GREEN , RLF0097,3199.0,RedTape Women's Sports Sandals - Casual and Stylish Casual Sliders Perfect for Walking,959.0,"3,4,6",₹
 RedTape, BLACK, RLF0071,3199.0,RedTape Women Black Sports Sandals,959.0,3,₹
 RedTape, BLACK, RLO2111,4999.0,RedTape Women Black Walking Shoes,1499.0,"3,4,5,6,7",₹
 RedTape, WHITE  , RLO0845A,6399.0,RedTape Women White Walking Shoes,1919.0,"3,4,5,6",₹
 RedTape, WHITE/ BLUE, RLO0824A,5999.0,RedTape Women White/Blue Walking Shoes,1799.0,"3,4,5,6,7",₹
 RedTape, MINT GREEN , RLF0076,3199.0,RedTape Women's Sports Sandals - Casual and Stylish Casual Sliders,959.0,"3,4,5,6,7",₹
 RedTape, WHITE  , RLO1447,6599.0,RedTape Women White Walking Shoes,1979.0,"3,4,5,6,7",₹
 RedTape, NAVY  , RLV0154,4999.0,RedTape Women Navy Sanekers,1499.0,"4,5,6,7",₹
 RedTape, BLACK, RLO1511,5099.0,"RedTape Women's Sports Shoes - Slip-on Shape Adjustable Sports Walking Shoes, Perfect for Walking & Running",1529.0,"3,4,5,6,7",₹
 RedTape, BLACK, RLF0091,3199.0,"RedTape Womens Navy Sports Sandals - Utmost Comfort, Arch Support, Dynamic Feet Support, On-Ground Stability, Shock Absorption",959.0,3,₹
 RedTape, MULTI, RLO0708B,6799.0,RedTape Women Multi Color Athleisure Shoes,2039.0,"3,4,5,6,7",₹
 RedTape, MINT GREEN , RLF0068,2999.0,RedTape Women's Sports Sandals - Light-Weight Comfortable Sliders,899.0,"3,4",₹
 RedTape, BLACK WHITE, RLO0725B,6799.0,RedTape Women White/Black  Athleisure Shoes,2039.0,"3,4,5,6,7",₹
 RedTape, ICE GREY, RFF1027,2199.0,RedTape Sliders Slippers for Men | Comfortable Slip-Ons,659.0,"6,7,8,9,10",₹
 RedTape, BLACK, RSO2821,6699.0,"RedTape Black Sports Shoes for Men's- Lace-Up Shoes, Perfect Walking & Running Shoes for Men's",2009.0,"6,7,8,9,10",₹
 RedTape, Neon/Gray, RSO2603,6799.0,RedTape Sports Shoes for Men | Comfortable Walking Shoes,2039.0,"6,7,8,9,10",₹
 RedTape, BLUE, RSO2827,6699.0,"RedTape Blue Sports Shoes for Men's- Lace-Up Shoes, Perfect Walking & Running Shoes for Men",2009.0,"6,7,8,9,10",₹
 RedTape, GREY , RSO2602,6799.0,RedTape Walking Shoes for Men | Comfortable Sports Shoes,2039.0,"6,7,8,9,10",₹
 RedTape, BLACK, RSO2601,6799.0,RedTape Sports Shoes for Men | Comfortable Walking Shoes,2039.0,"6,7,8,9,10",₹
 RedTape, NAVY  , RSO2604,6799.0,RedTape Sports Shoes for Men | Comfortable Walking Shoes,2039.0,"6,7,8,9,10",₹
 RedTape, WHITE  , RSO2605,6799.0,RedTape Sports Shoes for Men | Comfortable Lace-Up Walking Shoes,2039.0,"6,7,8,9,10",₹
 RedTape, NAVY  , RFF0994,2199.0,RedTape Slip-On Sliders for Men | Comfortable Slippers,659.0,"6,7,8,9,10",₹
 RedTape, BLACK, RSO2771,6899.0,Red Tape Men's Essential Casual Sneakers-Lace-Up Black Sneakers,2069.0,"6,7,8,9,10",₹
 RedTape, BLUE, RSO2607,6799.0,RedTape Sports Shoes for Men | Comfortable Walking Shoes,2039.0,"6,7,8,9,10",₹
 RedTape, OLIVE  , RSO2606,6799.0,RedTape Sports Shoes for Men | Comfortable Walking Shoes,2039.0,"6,7,8,9,10",₹
 RedTape, BLACK, RLO1161,5199.0,RedTape Women Black Walking Shoes,1559.0,"3,4,5,6,7",₹
 RedTape, LIGHT BLUE , RLO1238,6099.0,RedTape Women Light Blue Walking Shoes,1829.0,"3,4,5,6",₹
 RedTape, PURPLE , RLO1163,5199.0,RedTape Women Purple Walking Shoes,1559.0,"3,4,5,6,7",₹
 RedTape, BLACK, RLO1162,5199.0,RedTape Women Black Walking Shoes,1559.0,"3,4,5,6,7",₹
 RedTape, BLACK, RLO2161,4399.0,RedTape Women Black Walking Shoes,1319.0,"4,6,7",₹
 RedTape, WHITE/LILAC, RLV0185,5099.0,RedTape Women White Sneaker,1529.0,"3,4,5,6,7",₹
 RedTape, PURPLE , RLF0073,3199.0,RedTape Women Purple Sports Sandals,959.0,"3,4,5,6,7",₹
 RedTape, GREY , RLF0088,3199.0,RedTape Women Grey Sports Sandal,959.0,4,₹
 RedTape, GREY , RLO0828A,5999.0,RedTape Women Grey Walking Shoes,1799.0,"3,4,5,6,7",₹
 RedTape, LIGHT PINK , RLO1234,6099.0,RedTape Women Light Pink Walking Shoes,1829.0,"3,4,5,6,7",₹
 RedTape, BLACK, RLO1231,6099.0,RedTape Women Black Walking Shoes,1829.0,"3,4,5,6,7",₹
 RedTape, GREEN , RLF0086,3199.0,RedTape Women Green Sports Sandal,959.0,3,₹
 RedTape, BLACK/LIGHT GREY, RTF0093,3299.0,RedTape Men's Sports Sandals - Light-Weight Comfortable Sliders,989.0,"6,7,8,9,10",₹
 RedTape, DARK GREY, RSO2496,4899.0,"RedTape Men's Walking Shoes - Dark Grey Slip-on Shape Adjustable Sports Shoes, Perfect for Walking & Running",1469.0,"6,7,8,9,10",₹
 RedTape, BLACK, RMW0071,4499.0,"RedTape Black Sports Shoes for Men's- Slip-On, Perfect Walking Shoes for Men",1349.0,"6,7,8,9,10",₹
 RedTape, GREY , RSO2836,6699.0,"RedTape Grey Sports Shoes for Men's- Lace-Up Shoes, Perfect Walking & Running Shoes for Men",2009.0,"6,7,8,9,10",₹
 RedTape, NAVY  , RSO1824A,5599.0,RedTape Men's Navy Sneaker,1679.0,"6,7,8,9,10",₹
 RedTape, GREY , RSO1822A,5599.0,RedTape Men's Grey Sneaker,1679.0,"6,7,8,9,10",₹
 RedTape, BEIGE, RSO1826A,5599.0,RedTape Men's Beige Sneaker,1679.0,"6,7,8,9",₹
 RedTape, BLACK, RFF1021,2199.0,RedTape Casual Sliders for Men's - Comfortable Black Slip-On Casual Sliders for Men's,659.0,6,₹
 RedTape, BLACK, RFF1121,2199.0,"RedTape Slip-On Casual Sliders for Men's - Comfortable Black Men's's Sliders, Perfect for Casual Looks",659.0,"6,7,8,9,10",₹
 RedTape, PINK , RLO2006,6099.0,RedTape Women Pink Walking Shoes,1829.0,"3,4,5,6,7",₹
 RedTape, NAVY  , RLO1264,4199.0,RedTape Women Navy Walking Shoes,1259.0,"3,4",₹
 RedTape, MINT  , RLO1266,4199.0,RedTape Women Green Walking Shoes,1259.0,4,₹
 RedTape, BLACK  , RLO2162,4399.0,RedTape Women Black Walking,1319.0,"4,5,6,7",₹
 RedTape, BLACK  , RLO0881A,6599.0,RedTape Women Black Walking Shoes,1979.0,"3,4,5,6",₹
 RedTape, BLACK, RSL0051,5799.0,"RedTape Men's Black Casual Sneaker Shoes for Men - Elevated Comfort, Perfect Casual Shoes for Men",1739.0,"6,7,8,9,10",₹
 RedTape, SILVER/BLACK, RLO2163,4399.0,RedTape Women Black Walking,1319.0,"4,5,6,7",₹
 RedTape, NAVY  , RSO2824,6699.0,"RedTape Navy Sports Shoes for Men's- Lace-Up Shoes, Perfect Walking & Running Shoes for Men",2009.0,"6,7,8,9,10",₹
 RedTape, WHITE  , RSO2835,6699.0,"RedTape White Sports Shoes for Men's- Lace-Up Shoes, Perfect Walking & Running Shoes for Men",2009.0,"6,7,8,9,10",₹
 RedTape, BEIGE, RLO2158,4199.0,RedTape Women Beige Walking Shoes,1259.0,"3,4,5,6,7",₹
 RedTape, WHITE  , RLO1255,6699.0,RedTape Women White Walking Shoes,2009.0,"3,4,5,6,7",₹
 RedTape, BLACK, RLO2131,4599.0,RedTape Women Black Walking Shoes,1379.0,3,₹
 RedTape, NAVY  , RLO2134,4599.0,RedTape Women Navy Walking Shoes,1379.0,"3,4,5,6,7",₹
 RedTape, BLUE, RLO1072,6499.0,RedTape Women Blue Walking Shoes,1949.0,"3,4,5,6,7",₹
 RedTape, WHITE  , RLO1092,6099.0,RedTape Women White Walking Shoes,1829.0,"3,4,5,6,7",₹
 RedTape, RED WHITE, RSO2772,6899.0,RedTape Men's Essential Casual Sneakers- Lace-Up Red/White Sneakers,2069.0,"6,8,9",₹
 RedTape, GREY , RSO2773,6899.0,RedTape Men's Essential Casual Sneakers- Lace-Up Grey Sneakers,2069.0,"6,8,9",₹
 RedTape, WHITE  , RSO2775,6899.0,RedTape Men's Essential Casual Sneakers- Lace-Up White Sneakers,2069.0,"6,7,8,9,10",₹
 RedTape, BLACK, RMW0011,5199.0,"RedTape Men Black Sports Walking Shoes - Utmost Comfort, Arch Support, Dynamic Feet Support, On-Ground Traction, Soft-Cushioned Insole, Perfect for Walking & Running",1559.0,"6,7,8,9,10",₹
 RedTape, BLACK, RMW0021,5299.0,"RedTape Men Black Sports Walking Shoes - Utmost Comfort, Arch Support, Dynamic Feet Support, On-Ground Traction, Soft-Cushioned Insole, Perfect for Walking & Running",1589.0,"6,7,8,9",₹
 RedTape, GREY , RMW0023,5299.0,"RedTape Men's Walking Shoes - Grey Slip-on Shape Adjustable Sports Shoes, Perfect for Walking & Running",1589.0,"6,7,8,9,10",₹
 RedTape, BLACK, RSO2211,6099.0,RedTape Men Black Walking Shoes,1829.0,"6,7,8,9,10",₹
 RedTape, TEAK, RTE3194A,7599.0,RedTape Men Teak Ankle Length Boots,2279.0,"6,7,8,9,10",₹
 RedTape, WHITE  , RMV0055,5499.0,RedTape Men White Sneaker,1649.0,10,₹
 RedTape, BLACK, RMW0061,4599.0,RedTape Men Black Walking Shoes,1379.0,"6,7,8,9,10",₹
 RedTape, WHITE  , RLO1253,6699.0,RedTape Women White Walking Shoes,2009.0,"3,4,5,6,7",₹
 RedTape, BLACK/WHITE, RMV0046,5499.0,RedTape Men Black/White Sneakers,1649.0,"9,10",₹
 RedTape, WHITE  , RLO1254,6699.0,RedTape Women White Walking Shoes,2009.0,"3,4,5,6,7",₹
 RedTape, PEACH , RLO2136,4599.0,RedTape Women Peach Walking Shoes,1379.0,"3,4,5,6",₹
 RedTape, PURPLE , RLO1214,5899.0,RedTape Women's Purple Walking Shoes,1769.0,"3,4,5,6,7",₹
 RedTape, BEIGE, RLO1213,5899.0,RedTape Women's Beige Walking Shoes,1769.0,"3,4,5,6,7",₹
 RedTape, BEIGE, RLO1226,5899.0,RedTape Women's Beige Walking Shoes,1769.0,"3,4,5,6,7",₹
 RedTape, NAVY  , RLO1227,5899.0,RedTape Women's Navy Walking Shoes,1769.0,"3,4,5,6,7",₹
 RedTape, BLUE, RLO1268,4199.0,RedTape Women Blue Walking Shoes,1259.0,"3,5",₹
 RedTape, PINK , RLO1262,4199.0,RedTape Women's Pink Walking Shoes,1259.0,4,₹
 RedTape, Dark Purple, RLO2157,4199.0,RedTape Women Dark Purple Walking Shoes,1259.0,"3,4,5,6,7",₹
 RedTape, BLACK, RSO3101,5799.0,RedTape Men Black Walking Shoes,1739.0,10,₹
 RedTape, PINK , RLO1223,5899.0,RedTape Women's Pink Walking Shoes,1769.0,"3,4,5,6,7",₹
 RedTape, WHITE  , RLV0035,4899.0,RedTape Women's White Sneakers,1469.0,39,₹
 RedTape, GREEN , RLO1094,6099.0,RedTape Women's Green Walking Shoes,1829.0,"36,37,38,39,40",₹
 RedTape, WHITE  , RLO2005,6099.0,RedTape Women's White Walking Shoes,1829.0,"36,37",₹
 RedTape, MULTICOLOR, RLO1242,6699.0,RedTape Women Multi Color Walking Shoes,2009.0,"3,4,5,6,7",₹
 RedTape, OFF WHITE , RLO1265,4199.0,RedTape Women's White Walking Shoes,1259.0,"3,4,5,6,7",₹
 RedTape, BLUE, RLO2007,6099.0,RedTape Women's Blue Walking Shoes,1829.0,"36,37,38,39,40",₹
 RedTape, BLUE, RLO1212,5899.0,RedTape Women's Blue Walking Shoes,1769.0,"3,4,5,6,7",₹
 RedTape, BLUE, RLO1022,6799.0,RedTape Women's Blue Walking Shoes,2039.0,"3,4,5,6,7",₹
 RedTape, PURPLE , RLO1093,6099.0,RedTape Women's Purple Walking Shoes,1829.0,"3,4,5,6",₹
 RedTape, BLACK, RLO1061,6699.0,RedTape Women's Black Walking Shoes,2009.0,"3,4,5,6,7",₹
 RedTape, WHITE  , RLO1075,6499.0,RedTape Women's White Walking Shoes,1949.0,"3,4,5,6,7",₹
 RedTape, BLACK, RLO2151,4199.0,RedTape Women's Black Walking Shoes,1259.0,"3,4,5,6,7",₹
 RedTape, BLACK, RLO1261,4199.0,RedTape Women's Black Walking Shoes,1259.0,4,₹
 RedTape, WHITE GOLD, RMV0015,5599.0,RedTape Men White Sneaker,1679.0,"6,7,8,9,10",₹
 RedTape, BLACK, RFF0991,2199.0,RedTape Men Black Sliders,659.0,6,₹
 RedTape, OLIVE  , RSO1746B,6899.0,RedTape Men Olive Walking Shoes,2069.0,"6,7,8,9,10",₹
 RedTape, WHITE  , RSO2025A,6799.0,RedTape Men White Walking Shoes,2039.0,"6,7,8,9,10",₹
 RedTape, BEIGE, RSO2026A,6799.0,RedTape Men Beige Walking Shoes,2039.0,"6,7,8,9,10",₹
 RedTape, NAVY  , RSO2494,4899.0,RedTape Men Navy  Walking Shoes,1469.0,"6,7,8,9,10",₹
 RedTape, BLACK, RSO2491,4899.0,RedTape Men Black Walking Shoes,1469.0,"6,7,8,9,10",₹
 RedTape, NAVY  , RSO2624,5099.0,RedTape Men Navy  Walking Shoes,1529.0,"6,7,8,9",₹
 RedTape, BURGANDY, RFF0926,2199.0,RedTape Men Brown Sliders,659.0,"6,7,8,9,10",₹
 RedTape, GREY , RSO2733,5599.0,RedTape Men Grey  Walking Shoes,1679.0,"6,7,8,9,10",₹
 RedTape, DARK BROWN, RFF0932,2199.0,RedTape Men Dark Brown Sliders,659.0,"6,7,8,9,10",₹
 RedTape, NAVY  , RFF0964,2199.0,RedTape Men Navy Sliders,659.0,"6,7,8,9,10",₹
 RedTape, NAVY  , RSO2024A,6799.0,RedTape Men Navy Walking Shoes,2039.0,"6,7,8,9",₹
 RedTape, BLACK, RSO2741,5999.0,RedTape Men Black Walking Shoes,1799.0,"6,7,9",₹
 RedTape, BLACK, RSO2731,5599.0,RedTape Men Black Walking Shoes,1679.0,"6,7,8,9,10",₹
 RedTape, BLACK, RSO2623,5099.0,RedTape Men's Black Walking Shoes,1529.0,10,₹
 RedTape, BLACK, RFF1001,2199.0,RedTape  Men Black Sliders,659.0,"6,7,8,9,10",₹
 RedTape, BLACK, RSO1321B,6999.0,RedTape Men Black Walking Shoes,2099.0,"6,7,8,9,10",₹
 RedTape, NAVY  , RSO1734B,6899.0,RedTape Men Navy Walking Shoes,2069.0,"6,7,8,9,10",₹
 RedTape, BLACK, RSO1731B,6899.0,RedTape Men Black Walking Shoes,2069.0,"6,7,8,9,10",₹
 RedTape, OFF WHITE , RSO1738B,6899.0,RedTape Men Off White Walking Shoes,2069.0,"6,7,8,9,10",₹
 RedTape, GREY , RSO2023A,6799.0,RedTape Men Grey Walking Shoes,2039.0,"6,7,8,9,10",₹
 RedTape, WHITE  , RLO1416,4899.0,RedTape Women's White Walking Shoes,1469.0,"3,4,5,6,7",₹
 RedTape, PINK , RLO1033,6799.0,RedTape Women Pink Walking Shoes,2039.0,"36,37,38,39",₹
 RedTape, BEIGE, RLO1032,6799.0,RedTape Women Beige Walking Shoes,2039.0,39,₹
 RedTape, MULTI, RLO0875,6099.0,RedTape Women's White Walking Shoes,1829.0,36,₹
 RedTape, AIRFORCE BLUE, RLV0083,4899.0,RedTape Women's Blue Sneakers,1469.0,"36,37,38,39,40",₹
 RedTape, BURGUNDY, RLV0084,4899.0,RedTape Women's Brown Sneakers,1469.0,"36,37,38,39,40",₹
 RedTape, WHITE  , RLO1415,4899.0,RedTape Women's White Walking Shoes,1469.0,"3,4,5,6,7",₹
 RedTape, WHITE  , RLO1412,4899.0,RedTape Women's White Walking Shoes,1469.0,"3,4,5,6,7",₹
 RedTape, GREEN , RLO1036,6799.0,RedTape Women Green Walking Shoes,2039.0,"36,37,38,39,40",₹
 RedTape, PINK , RLO1413,4899.0,RedTape Women's Pink Walking Shoes,1469.0,"36,37,38,39,40",₹
 RedTape, PINK , RLO1414,4899.0,RedTape Women's Pink Walking Shoes,1469.0,"37,38,40",₹
 RedTape, BLACK, RSO2415,5099.0,RedTape Men's Black Walking Shoes,1529.0,"6,10,11",₹
 RedTape, WHITE  , RLO1035,6799.0,RedTape Women White Walking Shoes,2039.0,"36,37,38,39",₹
 RedTape, BLUE, RLV0106,4899.0,RedTape Women's Blue Sneakers Shoes,1469.0,"36,37,38,40",₹
 RedTape, PURPLE , RLO0932,5799.0,RedTape Women's Purple Walking Shoes,1739.0,"36,37,38,39,40",₹
 RedTape, WHITE  , RLV0107,4899.0,RedTape Women's White Sneakers Shoes,1469.0,"36,37,39",₹
 RedTape, BLACK, RSO2221,6099.0,RedTape Men's Black Walking Shoes,1829.0,"6,7,8,9,10",₹
 RedTape, MULTI, RLO0873,6099.0,RedTape Women's Pink Walking Shoes,1829.0,36,₹
 RedTape, WHITE PINK, RLO1034,6799.0,RedTape Women's White/Pink Walking Shoes,2039.0,"36,37,38,39",₹
 RedTape, BLACK, RLO0827,5999.0,RedTape Women's Black Walking Shoes,1799.0,"36,37,38,39,40",₹
 RedTape, BLACK, RLV0101,4899.0,RedTape Women's Black Sneakers,1469.0,"36,37",₹
 RedTape, WHITE BLUE, RLV0108,4899.0,RedTape Women's White/Blue Sneakers,1469.0,37,₹
 RedTape, BLACK, RLO1011,6499.0,RedTape Women's Black Walking Shoes,1949.0,"36,37,39",₹
 RedTape, PINK , RLO1012,6499.0,RedTape Women's Pink Walking Shoes,1949.0,"36,37,38,39,40",₹
 RedTape, GREY , RLO1013,6499.0,RedTape Women's Grey Walking Shoes,1949.0,"36,37,38,39,40",₹
 RedTape, WHITE  , RLO1015,6499.0,RedTape Women's White Walking Shoes,1949.0,"36,37,38,39,40",₹
 RedTape, BLACK, RSO2701,4799.0,RedTape Men's Black Walking Shoes,1439.0,"6,7,8,9",₹
 RedTape, GREY , RSO1528B,6199.0,RedTape Men's Grey Walking Shoes,1859.0,"6,7,8,9",₹
 RedTape, BLACK, RSO2202,7099.0,RedTape Men's Black Walking Shoes,2129.0,"6,7,8,9,10",₹
 RedTape, BLACK, RSO2222,6099.0,RedTape Men's Black Walking Shoes,1829.0,"6,7,8,9,10,11",₹
 RedTape, GREY , RSO2193,7099.0,RedTape Men's Grey Walking Shoes,2129.0,"6,7,8,9,10,11",₹
 RedTape, BLUE, RSO2192,7099.0,RedTape Men's Blue Walking Shoes,2129.0,"6,7,8,9,10,11",₹
 RedTape, BLACK, RSO2201,7099.0,RedTape Men's Black Walking Shoes,2129.0,"6,7,8,9,10",₹
 RedTape, PURPLE , RSO2228,6099.0,RedTape Men's Purple Walking Shoes,1829.0,"6,9",₹
 RedTape, NAVY  , RSO2424,4799.0,RedTape Men's Navy Walking Shoes,1439.0,"6,7,8,9,10",₹
 RedTape, NAVY  , RSO2224,6099.0,RedTape Men's Navy Walking Shoes,1829.0,"6,7,8,9,10",₹
 RedTape, WHITE  , RSO2225,6099.0,RedTape Men's White Walking Shoes,1829.0,"9,10,11",₹
 RedTape, SEA BLUE, RGS0067,1499.0,RedTape Women's Sea Blue Sliders,449.0,"36,37,38,39,40",₹
 RedTape, GREEN , RLO1043,5099.0,RedTape Women's Green Walking Shoes,1529.0,40,₹
 RedTape, BLUE, RSO2227,6099.0,RedTape Men's Blue Walking Shoes,1829.0,"6,7,8,9,10",₹
 RedTape, PURPLE , RLO1057,5099.0,RedTape Women's Purple Walking Shoes,1529.0,37,₹
 RedTape, OFF-WHITE, RLO1054,5099.0,RedTape Women's Off-White Walking Shoes,1529.0,"39,40",₹
 RedTape, PINK , RLO0833,5699.0,RedTape Women's PINK Walking Shoes,1709.0,"36,37,38,39,40",₹
 RedTape, LAVENDER , RLV0064,4899.0,RedTape Women's Lavender Sneakers,1469.0,36,₹
 RedTape, WHITE  , RLO1045,5099.0,RedTape Women's White Walking Shoes,1529.0,40,₹
 RedTape, BROWN WHITE, RLV0115,4899.0,RedTape Women's White/Brown Sneakers,1469.0,"36,37",₹
 RedTape, BLACK, RSO1521B,6199.0,RedTape Men's Black Walking Shoes,1859.0,"6,7,8,9,10",₹
 RedTape, NAVY  , RSO2054,6799.0,RedTape Men's Navy Walking Shoes,2039.0,"6,7,8,9,10,11",₹
 RedTape, WHITE  , RSO1525B,6199.0,RedTape Men's White Walking Shoes,1859.0,"7,8",₹
 RedTape, BLUE, RLO1108,5199.0,RedTape Women's BLUE Walking Shoes,1559.0,"36,37,38,39,40",₹
 RedTape, BLACK, RLO1101,5199.0,RedTape Women's BLACK Walking Shoes,1559.0,"36,37,38,39,40",₹
 RedTape, GREY , RLO1109,5199.0,RedTape Women's GREY Walking Shoes,1559.0,"36,37,38,39",₹
 RedTape, WHITE PINK, RLV0095,4899.0,RedTape Women's WHITE/PINK Sneakers,1469.0,37,₹
 RedTape, BLACK, RSO2331,4499.0,RedTape Men's Black Walking Shoes,1349.0,"6,7,8,9,10",₹
 RedTape, GREY , RSO2343,5299.0,RedTape Men's Grey Walking Shoes,1589.0,"6,7,8,9,10,11",₹
 RedTape, BLACK, RSO2422,4799.0,RedTape Men's Black Walking Shoes,1439.0,"6,7,8,9,10",₹
 RedTape, BLACK/BLUE, RSO2204,7099.0,RedTape Men's Black Walking Shoes,2129.0,"6,7,8,9,10,11",₹
 RedTape, WHITE  , RSO2205,7099.0,RedTape Men's White Walking Shoes,2129.0,"6,7,8,9,10",₹
 RedTape, BLACK, RLO1041,5099.0,RedTape Women's Black Walking Shoes,1529.0,"36,37",₹
 RedTape, GREY , RFF1016,2199.0,RedTape Men's Grey Sliders,659.0,"6,7,8,9",₹
 RedTape, GREY , RSO1748B,6899.0,RedTape Men's Grey Walking Shoes,2069.0,"6,7,8,9,10",₹
 RedTape, BLACK, RSO2191,7099.0,RedTape Men's Black Walking Shoes,2129.0,"6,7,8,9,10,11",₹
 RedTape, WHITE  , RSO2195,7099.0,RedTape Men's White Walking Shoes,2129.0,"6,7,8,9,10,11",₹
 RedTape, BLACK, RLO1111,4999.0,RedTape Women's Black Walking Shoes,1499.0,"36,37,38,39",₹
 RedTape, NAVY  , RLV0054,4899.0,RedTape Women's Navy Sneakers,1469.0,"36,37,38,39",₹
 RedTape, INK BLUE , RLO1114,4999.0,RedTape Women's Ink Blue Walking Shoes,1499.0,"36,37,38,39,40",₹
 RedTape, BEIGE, RLO0846,5899.0,RedTape Women Beige Walking Shoes,1769.0,"36,37,38,39,40",₹
 RedTape, SAPPHIRE, RLV0065,4899.0,RedTape Women Sapphire Sneakers,1469.0,36,₹
 RedTape, LIGHT BLUE / WHITE, RLO0954,5099.0,RedTape Women's Light Blue / White Walking Shoes,1529.0,"36,37",₹
 RedTape, LIGHTPEACH, RLO1113,4999.0,RedTape Women Light Peach Walking Shoes,1499.0,"36,37,38,39,40",₹
 RedTape, AQUA MARIN, RLO1112,4999.0,RedTape Women's Aqua Marin Walking Shoes,1499.0,"36,37,38,39,40",₹
 RedTape, NAVY  , RSO1814,5399.0,RedTape Men's Navy Walking Shoes,1619.0,6,₹
 RedTape, NAVY BLUE , RSO2144,6899.0,RedTape Men Navy Walking Shoes,2069.0,"6,7,8,9,10",₹
 RedTape, BLACK, RSO2141,6899.0,RedTape Men Black Walking Shoes,2069.0,"6,7,8,9,10",₹
 RedTape, BLACK, RSO2171,6899.0,RedTape Men Black Walking Shoes,2069.0,"6,7,8,9,10",₹
 RedTape, BLACK, RSO2161,6899.0,RedTape Men Black Walking Shoes,2069.0,"6,7,8,9,10",₹
 RedTape, GREY , RSO2146,6899.0,RedTape Men Grey Walking Shoes,2069.0,"6,7,8,9,10",₹
 RedTape, GREY , RLO0848,5899.0,RedTape Women Grey Walking Shoes,1769.0,"36,37",₹
 RedTape, WHITE  , RLO0845,5899.0,RedTape Women White Walking Shoes,1769.0,37,₹
 RedTape, BLUSH, RLO0952,5099.0,RedTape Women's Blush Walking Shoes,1529.0,"36,37,38,39,40",₹
 RedTape, BLACK, RLF0061,2999.0,RedTape Women's Black Sports Sandal,899.0,"36,37",₹
 RedTape, WHITE  , RLO0855,5399.0,RedTape Women's White Walking Shoes,1619.0,"36,37,38,39,40",₹
 RedTape, SEA GREEN, RLO0863,5399.0,RedTape Women's Sea Green Walking Shoes,1619.0,"36,37,38,39",₹
 RedTape, BLACK GREY, RLO0951,5099.0,RedTape Women's Black/Grey Walking Shoes,1529.0,"36,37,38,39,40",₹
 RedTape, NAVY  , RLO0864,5399.0,RedTape Women's Navy Walking Shoes,1619.0,"36,37,38,39,40",₹
 RedTape, BLACK, RLO0861,5399.0,RedTape Women's Black Walking Shoes,1619.0,"36,37,38,39,40",₹
 RedTape, GREY/LIGHT BLUE, RLO1007,4499.0,RedTape Women's Grey/Light Blue Walking Shoes,1349.0,"36,37,38,39,40",₹
 RedTape, PINK/LIGHT PINK, RLO1006,4499.0,RedTape Women's Pink/Light Pink Walking Shoes,1349.0,"37,38,39",₹
 RedTape, SKY BLUE/LIGHT BLUE, RLO1008,4499.0,RedTape Women's Sky Blue/Light Blue Walking Shoes,1349.0,"36,37,38,39",₹
 RedTape, BLACK, RLO0841,5899.0,RedTape Women's Black Walking Shoes,1769.0,"36,37",₹
 RedTape, PEACH , RLO1085,4599.0,RedTape Women's Peach Walking Shoes,1379.0,"36,37,38,39,40",₹
 RedTape, WHITE  , RSO2175,6899.0,RedTape Men White Walking Shoes,2069.0,"6,7,8,9,10",₹
 RedTape, LIGHT BLUE , RLO1084,4599.0,RedTape Women's Light Blue Walking Shoes,1379.0,"36,37,38,39,40",₹
 RedTape, BLACK, RSO2312,5199.0,RedTape Men Black/Grey Walking Shoes,1559.0,9,₹
 RedTape, BLACK, RSO2311,5199.0,RedTape Men Black/Grey Walking Shoes,1559.0,"6,7,9,10",₹
 RedTape, BLACK, RSO1811,5399.0,RedTape Men's Black Walking Shoes,1619.0,6,₹
 RedTape, BLACK, RSO1812,5399.0,RedTape Men's Black Walking Shoes,1619.0,6,₹
 RedTape, BLACK, RSO2611,5399.0,RedTape Men's Black Walking Shoes,1619.0,"6,7,8,9,10",₹
 RedTape, BLACK, RLO0851,5399.0,RedTape Women's Black Walking Shoes,1619.0,"36,37,38,39",₹
 RedTape, BLACK, RLO0621A,6999.0,RedTape Women's Black Walking Shoes,2099.0,"2,3,4,5",₹
 RedTape, WHITE  , RLO0885,6099.0,RedTape Women's White Walking Shoes,1829.0,"36,37,38,39,40",₹
 RedTape, BLUE, RLO0854,5399.0,RedTape Women's Blue Walking Shoes,1619.0,"36,37,38,39,40",₹
 RedTape, WHITE PINK, RLV0033,4799.0,RedTape Women's White/Pink Sneakers,1439.0,"3,4,5,6,7",₹
 RedTape, PEACH , RLO0866,5399.0,RedTape Women's Peach Walking Shoes,1619.0,"36,37,38,39,40",₹
 RedTape, PINK , RLO0886,6099.0,RedTape Women's Pink Walking Shoes,1829.0,"36,37,38,39,40",₹
 RedTape, BLUE, RLO0884,6099.0,RedTape Women's Blue Walking Shoes,1829.0,"36,37,38,39",₹
 RedTape, WHITE/LILAC, RLV0052,4799.0,RedTape Women's White/Lilac Sneakers,1439.0,"36,37,38,39,40",₹
 RedTape, BLACK, RLO1082,4599.0,RedTape Women's Black Walking Shoes,1379.0,"3,4,5,6",₹
 RedTape, WHITE/NAVY, RLO0894,6099.0,RedTape Women's White/Navy Walking Shoes,1829.0,"36,37,38,39,40",₹
 RedTape, BEIGE, RSO2133,6899.0,RedTape Men Beige Walking Shoes,2069.0,"6,7,8,9,10",₹
 RedTape, NAVY BLUE , RSO2134,6899.0,RedTape Men Navy Walking Shoes,2069.0,"6,7,8,9,10",₹
 RedTape, WHITE BLUE, RLV0034,4799.0,RedTape Women's White/Blue Sneakers,1439.0,"3,4,5,6,7",₹
 RedTape, WHITE  , RSO2135,6499.0,RedTape Men White Walking Shoes,1949.0,7,₹
 RedTape, GREY , RSO2293,5299.0,RedTape Men's Grey Walking Shoes,1589.0,11,₹
 RedTape, BLACK, RSO2421,4799.0,RedTape Men's Black Walking Shoes,1439.0,"6,7,8,9,10",₹
 RedTape, BLACK, RSO2401,5299.0,RedTape Men's Black Walking Shoes,1589.0,6,₹
 RedTape, BLACK, RSO1981,5699.0,RedTape Men's Black Walking Shoes,1709.0,6,₹
 RedTape, WHITE  , RTE3642,5199.0,RedTape Men's White Sneakers,1559.0,"6,7,8,9,10",₹
 RedTape, BLUE, RSO1953,5399.0,RedTape Men's Blue Walking Shoes,1619.0,"6,7,8,9",₹
 RedTape, PURPLE , RLO0858,5399.0,RedTape Women's Purple Walking Shoes,1619.0,"36,37,38,39",₹
 RedTape, TURQUOISE , RLF0063,2999.0,RedTape Women's Turquoise Thong Slipper,899.0,"36,37,38,39,40",₹
 RedTape, BLACK, RSO2131,6899.0,RedTape Men Black Walking Shoes,2069.0,"6,7,8,9,10",₹
 RedTape, GREY , RSO2136,6899.0,RedTape Men Grey Walking Shoes,2069.0,"6,7,8,9",₹
 RedTape, NAVY  , RLF0064,2999.0,RedTape Women's Navy Thong Slipper,899.0,"36,37,38,39",₹
 RedTape, BLACK, RSO2261,4999.0,RedTape Men's Black Walking Shoes,1499.0,6,₹
 RedTape, BEIGE, RLF0065,2999.0,RedTape Women's Beige Thong Slipper,899.0,"36,37,39,40",₹
 RedTape, SKY BLUE , RGS0064,1499.0,RedTape Women Blue Sunnies Sliders,449.0,"36,37,38,39,40",₹
 RedTape, PEACH , RLO0682A,5199.0,RedTape Women's Peach Walking Shoes,1559.0,"35,36,37,38,39",₹
 RedTape, BLUE, RLO0744B,5299.0,RedTape Women's Blue Walking Shoes,1589.0,"35,36,37,38,39,40",₹
 RedTape, BLUSH, RLF0066,2999.0,RedTape Women's Blush Thong Slipper,899.0,"36,37,39,40",₹
 RedTape, BLACK, RLO1081,4599.0,RedTape Women's Black Walking Shoes,1379.0,"36,38,39",₹
 RedTape, NAVY  , RLO0754B,4999.0,RedTape Women's Navy Walking Shoes,1499.0,"36,37,39",₹
 RedTape, PINK , RLO0783A,5999.0,RedTape Women's Pink Walking Shoes,1799.0,"36,37,39,40",₹
 RedTape, GREEN , RLO0782A,5999.0,RedTape Women's Green Walking Shoes,1799.0,"36,37,38,39,40",₹
 RedTape, BLACK, RSO2041,6799.0,RedTape Men's Black Walking Shoes,2039.0,"9,10",₹
 RedTape, BLACK, RSO2271,5299.0,RedTape Men's Black Walking Shoes,1589.0,"6,9",₹
 RedTape, BLUE WHITE, RSO2014,6499.0,RedTape Men's Blue/White Walking Shoes,1949.0,10,₹
 RedTape, NAVY  , RSO1954,5399.0,RedTape Men Navy Walking Shoes,1619.0,"6,8,9,10",₹
 RedTape, WHITE  , RSO2065,6899.0,RedTape Men's White Walking Shoes,2069.0,"6,7,10,11",₹
 RedTape, BLACK, RSO2001,5099.0,RedTape Men's Black Walking Shoes,1529.0,"6,7,8,9,10",₹
 RedTape, GREY , RSO2043,6799.0,RedTape Men's Grey Walking Shoes,2039.0,10,₹
 RedTape, BLACK/YELLOW, RSO1971,5599.0,RedTape Men Black Walking Shoes,1679.0,"6,7,8,9,10,11",₹
 RedTape, BLACK, RTE2791A,6999.0,RedTape Men's Black Moccasin,2099.0,"7,8,9",₹
 RedTape, BLACK, RSO2231,5699.0,RedTape Men's Black Walking Shoes,1709.0,"6,7,8,9,10",₹
 RedTape, OLIVE  , RSO1873,5399.0,RedTape Men's Olive Walking Shoes,1619.0,6,₹
 RedTape, WHITE BLUE, RFF0835,2199.0,RedTape Men White/Blue Slider,659.0,"6,7,8,9,10,11",₹
 RedTape, BLUE, RLO0914,6299.0,RedTape Women's Blue Walking Shoes,1889.0,"36,37,38,39,40",₹
 RedTape, GREY , RLO0926,6099.0,RedTape Women's Grey Walking Shoes,1829.0,"36,37,38",₹
 RedTape, WHITE BLUE, RLO0925,6099.0,RedTape Women's White And Blue Walking Shoes,1829.0,"36,37,38,39",₹
 RedTape, SKY BLUE , RLO0616A,4199.0,RedTape Women's Sky Blue Walking Shoes,1259.0,"36,37,38,39,40",₹
 RedTape, WHITE  , RLO0615A,4199.0,RedTape Women's White Walking Shoes,1259.0,"36,37,38,39,40",₹
 RedTape, PURPLE , RLO0903,6299.0,RedTape Women's Purple Walking Shoes,1889.0,39,₹
 RedTape, PINK , RLO0617A,4199.0,RedTape Women's Pink Walking Shoes,1259.0,"36,37,38,39,40",₹
 RedTape, PINK , RLO0902,6299.0,RedTape Women's Pink Walking Shoes,1889.0,"36,37,38,39,40",₹
 RedTape, MINT GREEN , RLO0822,5599.0,RedTape Women's Mint Green Walking Shoes,1679.0,"36,37,38,39,40",₹
 RedTape, WHITE PINK, RLO0922,6099.0,RedTape Women's White And Pink Walking Shoes,1829.0,"36,37,38,39",₹
 RedTape, PURPLE , RLO0923,6099.0,RedTape Women's Purple Walking Shoes,1829.0,"36,37,38,39,40",₹
 RedTape, PINK , RLO0912,6299.0,RedTape Women's Pink Walking Shoes,1889.0,"36,37,38,39,40",₹
 RedTape, BLUE, RLO0704A,6299.0,RedTape Women's Blue Walking Shoes,1889.0,37,₹
 RedTape, BEIGE, RLO0766A,5899.0,RedTape Women's Beige Walking Shoes,1769.0,"36,37",₹
 RedTape, PINK , RLO0793A,6299.0,RedTape Women's Pink Walking Shoes,1889.0,"36,37,38",₹
 RedTape, LILAC, RLO0773A,5799.0,RedTape Women's Lilac Walking Shoes,1739.0,"36,37,38,39,40",₹
 RedTape, WHITE  , RLO0775A,5799.0,RedTape Women's White Walking Shoes,1739.0,"36,37,38,39,40",₹
 RedTape, BLACK, RLO0811A,6699.0,RedTape Women's Black Walking Shoes,2009.0,"36,37,38,39",₹
 RedTape, BEIGE, RLO0826,5599.0,RedTape Women's Beige Walking Shoes,1679.0,"36,37,38,39",₹
 RedTape, NAVY  , RLO0774A,5799.0,RedTape Women's Navy Walking Shoes,1739.0,"36,37,38,39,40",₹
 RedTape, PINK , RLO0813A,6699.0,RedTape Women's Pink Walking Shoes,2009.0,"36,37,38",₹
 RedTape, LILAC, RLO0823,5599.0,RedTape Women's Lilac Walking Shoes,1679.0,"36,37,38",₹
 RedTape, BLACK, RSO2381,5299.0,RedTape Men Black Walking Shoes,1589.0,"9,10",₹
 RedTape, BLUE, RLO0764A,5899.0,RedTape Women's Blue Walking Shoes,1769.0,"36,37,38",₹
 RedTape, BLACK WHITE, RLO0761A,5899.0,RedTape Women's Black And White Walking Shoes,1769.0,"36,37,38",₹
 RedTape, GREY , RSO2013,6499.0,RedTape Men's Grey Walking Shoes,1949.0,"6,7,10",₹
 RedTape, BLACK, RSO2011,6499.0,RedTape Men's Black Walking Shoes,1949.0,"6,7,8,9,10",₹
 RedTape, WHITE  , RSO2015,6499.0,RedTape Men's White Walking Shoes,1949.0,"9,10,11",₹
 RedTape, BLACK, RFF0863,2199.0,RedTape Men's Black Sliders,659.0,"6,7,8,9,10,11",₹
 RedTape, RED , RFF0877,2199.0,RedTape Men's Red Sliders,659.0,"6,7,8,9,10,11",₹
 RedTape, SLATE BLUE, RFF0834,2199.0,RedTape Men's Slate Blue Sliders,659.0,"6,7,8,9,10,11",₹
 RedTape, BEIGE, RSO2016,6499.0,RedTape Men's Beige Walking Shoes,1949.0,"6,7,10",₹
 RedTape, BLACK, RSO2272,5299.0,RedTape Men Black Walking Shoes,1589.0,9,₹
 RedTape, SLATE BLUE, RSO2275,5299.0,RedTape Men Slate Blue Walking Shoes,1589.0,7,₹
 RedTape, NAVY  , RSO2234,5699.0,RedTape Men Navy Walking Shoes,1709.0,"6,7,8,9,10,11",₹
 RedTape, BLACK, RSO2232,5699.0,RedTape Men's Black Walking Shoes,1709.0,"6,7,8,9,10,11",₹
 RedTape, BLACK, RLO0731B,5299.0,RedTape Women's Black Walking Shoes,1589.0,"36,37",₹
 RedTape, BLUE, RLO0756B,4999.0,RedTape Women's Blue Walking Shoes,1499.0,"36,37,40",₹
 RedTape, GREY , RLO0738B,5299.0,RedTape Women's Grey Walking Shoes,1589.0,"35,36,37,38,39",₹
 RedTape, BLUE, RLO0684A,5199.0,RedTape Women's Blue Walking Shoes,1559.0,35,₹
 RedTape, PURPLE , RLO0733B,5299.0,RedTape Women's Purple Walking Shoes,1589.0,"35,36,37,38",₹
 RedTape, BLACK, RLO0681A,5199.0,RedTape Women's Black Walking Shoes,1559.0,"35,36,37",₹
 RedTape, WHITE PINK, RLO0676A,5599.0,RedTape Women's White And Pink Walking Shoes,1679.0,"35,36,37,38,39,40",₹
 RedTape, PINK , RLO0683A,5199.0,RedTape Women's Pink Walking Shoes,1559.0,"35,36,37,38",₹
 RedTape, BLACK, RLO0671A,5599.0,RedTape Women's Black Walking Shoes,1679.0,"36,37,38,39,40",₹
 RedTape, GREEN , RLO0656A,5499.0,RedTape Women's Green Walking Shoes,1649.0,"35,36,37,38,39,40",₹
 RedTape, PINK AND BURGUNDY, RLO0673A,5599.0,RedTape Women's Pink And Burgundy Walking Shoes,1679.0,"35,36,37,38,39,40",₹
 RedTape, WHITE  , RLO0675A,5599.0,RedTape Women's White Walking Shoes,1679.0,"36,37,38,39,40",₹
 RedTape, BLACK, RFF0832,2199.0,RedTape Men's Black Sliders,659.0,"6,7,8,9,10,11",₹
 RedTape, AIRFORCE BLUE, RFF0861,2199.0,RedTape Men's Blue Sliders,659.0,"6,7,8,9,10,11",₹
 RedTape, TEAL WHITE, RTE3615,5199.0,RedTape Men's White/Teal Sneakers,1559.0,"6,7,8,9,10",₹
 RedTape, TAN, RTE3552,6899.0,RedTape Men's Tan Mocassin,2069.0,"7,8,9,10",₹
 RedTape, BEIGE, RSO2086,6899.0,RedTape Men's Beige Walking Shoes,2069.0,"8,9,10,11",₹
 RedTape, BLACK/ICE GREY, RSO2296,5299.0,RedTape Men's BLACK/ICE GREY Walking Shoes,1589.0,6,₹
 RedTape, BLACK GREY, RSO2295,5299.0,RedTape Men's Black/Grey Walking Shoes,1589.0,"8,10",₹
 RedTape, ELECTRIC BLUE, RFF0831,2199.0,RedTape Men's Electric Blue Sliders,659.0,"6,7,8,9,10,11",₹
 RedTape, SAPPHIRE, RFF0864,2199.0,RedTape Men's Sapphire Sliders,659.0,"6,7,8,9,10,11",₹
 RedTape, BLACK, RFF0836,2199.0,RedTape Men's Black Sliders,659.0,"6,7,8,9,10,11",₹
 RedTape, NAVY  , RSO2354,5399.0,RedTape Men's Navy Walking Shoes,1619.0,6,₹
 RedTape, NAVY  , RSO2344,5299.0,RedTape Men's Navy Walking Shoes,1589.0,"6,7,8,9,10,11",₹
 RedTape, WHITE  , RLO0655A,5499.0,RedTape Women's White Walking Shoes,1649.0,38,₹
 RedTape, PINK , RLO0623A,6999.0,RedTape Women's Pink Walking Shoes,2099.0,"35,36,37",₹
 RedTape, BLACK, RGS0001,1299.0,RedTape Women's Black Sliders,389.0,"36,37,38,39",₹
 RedTape, BEIGE, RLO0638A,6899.0,RedTape Women's Beige Walking Shoes,2069.0,"35,36,37,38,39",₹
 RedTape, WHITE  , RLO0625A,6999.0,RedTape Women's White Walking Shoes,2099.0,"35,36,37,38,39",₹
 RedTape, BLUE, RLO0584A,6899.0,RedTape Women's Blue Walking Shoes,2069.0,"36,37",₹
 RedTape, BLUE, RLO0634A,6899.0,RedTape Women's Blue Walking Shoes,2069.0,"35,36,37",₹
 RedTape, MAUVE , RLO0646A,6999.0,RedTape Women's Mauve Walking Shoes,2099.0,"35,36,37,39",₹
 RedTape, BLUE, RLO0644A,6999.0,RedTape Women's Blue Walking Shoes,2099.0,"35,36,37,38",₹
 RedTape, PINK , RLO0643A,6999.0,RedTape Women's Pink Walking Shoes,2099.0,36,₹
 RedTape, BLACK, RLO0651A,5499.0,RedTape Women's Black Walking Shoes,1649.0,38,₹
 RedTape, BLUE, RLO0654A,5499.0,RedTape Women's Blue Walking Shoes,1649.0,"35,36,37,38,39",₹
 RedTape, BLACK, RSO2341,5299.0,RedTape Men's Black Walking Shoes,1589.0,"6,7,8,9,10",₹
 RedTape, ICE GREY, RFF0816,2199.0,RedTape Men's Ice Grey Sliders,659.0,"6,7,8,9",₹
 RedTape, OLIVE/YELLOW, RFF0857,2199.0,RedTape Men's Olive/Yellow Sliders,659.0,"6,7,8,9,10,11",₹
 RedTape, WHITE  , RFF0825,1799.0,RedTape Men's White Sliders,539.0,"6,7,8,9,10",₹
 RedTape, NAVY BLACK, RFF0881,2199.0,RedTape Men's Black/Navy Sliders,659.0,"6,7,8,9,10,11",₹
 RedTape, BLACK, RSO2262,4999.0,RedTape Men's Black Walking Shoes,1499.0,"6,7,9,10",₹
 RedTape, WHITE  , RSO2265,4999.0,RedTape Men's White Walking Shoes,1499.0,"6,7,9",₹
 RedTape, AIRFORCE BLUE, RFF0872,2199.0,RedTape Men's Airforce Blue Sliders,659.0,"6,7,8,9,10,11",₹
 RedTape, NAVY  , RFF0883,2199.0,RedTape Men's Navy Sliders,659.0,"6,7,8,9,10,11",₹
 RedTape, BLACK/YELLOW, RTE3701,5199.0,RedTape Men's Black/Yellow Sneakers,1559.0,"6,7,9",₹
 RedTape, BLACK, RTE3704,5199.0,RedTape Men's Black Sneakers,1559.0,"6,7,8,9,10",₹
 RedTape, BLACK, RSO2061,6899.0,RedTape Men's Black Walking Shoes,2069.0,"6,7,8,9,10,11",₹
 RedTape, SILVER, RLV0008,4399.0,RedTape Women Silver Sneakers,1319.0,36,₹
 RedTape, WHITE  , RLV0015,4399.0,RedTape Women White Sneakers,1319.0,36,₹
 RedTape, OFF WHITE , RLO0695,6599.0,RedTape Women's Off White Walking Shoes,1979.0,"35,36,37,38",₹
 RedTape, PINK , RLO0603,6599.0,RedTape Women Pink Walking Shoes,1979.0,"35,36",₹
 RedTape, LILAC, RLV0007,4399.0,RedTape Women Lilac Sneakers,1319.0,"35,36,37",₹
 RedTape, BABY PINK, RLV0018,4399.0,RedTape Women Baby Pink Sneakers,1319.0,"35,36",₹
 RedTape, OFF WHITE , RLV0026,4399.0,RedTape Women Off White Sneakers,1319.0,"36,37,38",₹
 RedTape, BLACK, RLO0691,6599.0,RedTape Women's Black Walking Shoes,1979.0,"35,36",₹
 RedTape, BLUE, RLO0694,6599.0,RedTape Women's Blue Walking Shoes,1979.0,"35,36,37,38",₹
 RedTape, PINK , RLO0693,6599.0,RedTape Women's Pink Walking Shoes,1979.0,"35,36",₹
 MODE by RedTape, MAUVE , RLO0583,6599.0,RedTape Women's Mauve Walking Shoes,1979.0,"35,36",₹
 RedTape, GREY , RLO0636,6599.0,RedTape Women's Grey Walking Shoes,1979.0,"35,36,37,38",₹
 RedTape, NAVY  , RLV0024,4399.0,RedTape Women Navy Sneakers,1319.0,"35,36,37,38,39",₹
 RedTape, WHITE , RLO0295,5695.0,RedTape Women White Walking Shoes,1708.0,"36,37",₹
 RedTape, BLACK, RLO0291,5695.0,RedTape Women Black Walking Shoes,1708.0,"35,36,37,38",₹
 RedTape, BLACK, RLO0461,4499.0,RedTape Women Black Walking Shoes,1349.0,"36,37",₹
 RedTape, SILVER, RLO0587,6599.0,RedTape Women Silver Walking Shoes,1979.0,36,₹
 RedTape, WHITE  , RLO0435,4099.0,RedTape Women White Walking Shoes,1229.0,"36,37",₹
 RedTape, PURPLE , RLO0567,6599.0,RedTape Women Purple Walking Shoes,1979.0,37,₹
 RedTape, NAVY  , RLO0574,6599.0,RedTape Women Navy Walking Shoes,1979.0,37,₹
 RedTape, WHITE  , RLO0595,6599.0,RedTape Women White Walking Shoes,1979.0,36,₹
 RedTape, BLACK, RLV0011,4399.0,RedTape Women Black Sneakers,1319.0,"35,36",₹
 RedTape, BLACK, RLO0561,6599.0,RedTape Women Black Walking Shoes,1979.0,36,₹
 RedTape, NAVY , RLO0294,5695.0,RedTape Women Navy Walking Shoes,1708.0,"35,36,37,38",₹
 RedTape, AIRFORCE BLUE, RFF0814,2199.0,RedTape Men's Airforce Blue Sliders,659.0,"6,7,8,9,10",₹
 RedTape, NAVY  , RSO2254,5299.0,RedTape Men's Navy Walking Shoes,1589.0,6,₹
 RedTape, TEAL  , RFF0802,1799.0,RedTape Men's Teal Thong Flip-Flop,539.0,"6,7,8,9,10",₹
 RedTape, TAN, RTE3572,6999.0,RedTape Men's Tan Moccasin,2099.0,"7,8,9",₹
 RedTape, BROWN, RTE3492,6899.0,RedTape Men Brown Derby Shoes,2069.0,7,₹
 RedTape, BLACK, RTE3551,6899.0,RedTape Men's Black Moccasin,2069.0,7,₹
 RedTape, BLACK GREY, RSO2391,5499.0,RedTape Men Black/Grey Running Shoes,1649.0,"6,7,8,9",₹
 RedTape, TEAK, RTE3282A,7599.0,RedTape Men's Teak Chelsea Boots,2279.0,7,₹
 RedTape, TAN, RTE3197A,7599.0,RedTape Men's Tan Ankle Length Boots,2279.0,"6,7,8,9,10",₹
 RedTape, BORDO, RTE3192A,7599.0,RedTape Men's Bordo Ankle Length Boots,2279.0,"6,7,8,9,10",₹
 RedTape, GREY , RSO1958,5799.0,RedTape Men's Grey Walking Shoes,1739.0,"8,9",₹
 RedTape, BLACK, RTE3191A,7599.0,RedTape Men's Black Ankle Length Boots,2279.0,"6,7,8,9,10",₹
 RedTape, BURGANDY, RLO0292,5695.0,RedTape Women Burgundy Walking Shoes,1708.0,"35,36,37,38,39",₹
 RedTape, BLACK, RLO0541,5199.0,RedTape Women Black Walking Shoes,1559.0,"36,37",₹
 RedTape, RED , RLO0551,5299.0,RedTape Women Red Walking Shoes,1589.0,"36,37,38",₹
 RedTape, WHITE  , RLO0525,5199.0,RedTape Women White Walking Shoes,1559.0,37,₹
 RedTape, WHITE  , RLO0555,5299.0,RedTape Women White Walking Shoes,1589.0,37,₹
 RedTape, NAVY  , RLO0534,5299.0,RedTape Women Navy Walking Shoes,1589.0,"36,37",₹
 RedTape, NAVY  , RLO0544,5199.0,RedTape Women Navy Walking Shoes,1559.0,"36,37,38",₹
 RedTape,  BLACK, RLO0431,4099.0,RedTape Women Black Walking Shoes,1229.0,"36,37,38",₹
 RedTape, BURGUNDY, RLO0432,4099.0,RedTape Women Burgundy Walking Shoes,1229.0,36,₹
 RedTape, NAVY  , RLO0414,4099.0,RedTape Women Navy Walking Shoes,1229.0,36,₹
 RedTape, GREY , RLO0448,4199.0,RedTape Women Grey Walking Shoes,1259.0,37,₹
 RedTape, BLACK, RLO0441,4199.0,RedTape Women Black Walking Shoes,1259.0,"36,37",₹
 RedTape, WHITE  , RLO0305,5395.0,RedTape Women White Walking Shoes,1618.0,"35,36,37",₹
 RedTape, BLACK, RLF0031,3795.0,RedTape Women Black Flats,1138.0,36,₹
 RedTape, NAVY  , RLF0034,3795.0,RedTape Women Navy Sports Sandal,1138.0,36,₹
 RedTape, PURPLE , RLF0038,3795.0,RedTape Women Purple Flats,1138.0,36,₹
 RedTape, ICE GREY, RFF0885,2199.0,RedTape Men's Ice Grey Sliders,659.0,"6,7,8,9,10,11",₹
 RedTape, GREY RED, RFF0845,2199.0,RedTape Men's Grey/Red Sliders,659.0,"6,7,8,9,10,11",₹
 RedTape, ELECTRIC BLUE, RFF0887,2199.0,RedTape Men's Electric Blue Sliders,659.0,"6,7,8,9,10,11",₹
 RedTape, WHITE  , RFF0886,2199.0,RedTape Men's White Sliders,659.0,"6,7,8,9,10,11",₹
 RedTape, DARK GREEN, RFF0882,2199.0,RedTape Men's Dark Green Sliders,659.0,"6,7,8,9,10,11",₹
 RedTape, BLACK/BLUE, RSO1973,5599.0,RedTape Men's Black/Blue Walking Shoes,1679.0,"6,7,9,10",₹
 RedTape, ELECTRIC BLUE, RFF0874,2199.0,RedTape Men's Electric Blue Sliders,659.0,"6,7,8,9,10,11",₹
 RedTape, BLACK, RSO1952,5799.0,RedTape Men's Black Walking Shoes,1739.0,"6,7,8,9,10,11",₹
 RedTape, DARK GREEN, RFF0876,2199.0,RedTape Men's Dark Green Sliders,659.0,"6,7,8,9,10,11",₹
 RedTape, WHITE  , RFF0805,1799.0,RedTape Men White Sunnies Thong Flip-Flops,539.0,"6,7,8,9,10",₹
 RedTape, GREY , RSO2053,6799.0,RedTape Men's Grey Walking Shoes,2039.0,"6,10,11",₹
 RedTape, NAVY  , RFF0862,2199.0,RedTape Men's Navy Sliders,659.0,"6,7,8,9,10,11",₹
 RedTape, BLACK/WHITE, RFF0852,2199.0,RedTape Men's Black/White Sliders,659.0,"6,7,8,9,10,11",₹
 RedTape, BLACK GREY, RFF0853,2199.0,RedTape Men's Grey/Black Sliders,659.0,"6,7,8,9,10,11",₹
 RedTape, BLACK/LIME, RFF0851,2199.0,RedTape Men's Black/Lime Sliders,659.0,"6,7,8,9,10,11",₹
 RedTape, ICE GREY, RFF0873,2199.0,RedTape Men's Ice Grey Sliders,659.0,"6,7,8,9,10,11",₹
 RedTape, ELECTRIC BLUE, RFF0855,2199.0,RedTape Men's Electric Blue Sliders,659.0,"6,7,8,9,10,11",₹
 RedTape, BLACK/ORANGE, RFF0854,2199.0,RedTape Men's Black/Orange Sliders,659.0,"6,7,8,9,10,11",₹
 RedTape, DARK GREEN, RFF0865,2199.0,RedTape Men's Dark Green Sliders,659.0,"6,7,8,9,10,11",₹
 RedTape, OLIVE  , RFF0875,2199.0,RedTape Men's Olive Sliders,659.0,"6,7,8,9,10,11",₹
 RedTape, BLACK, RFF0884,2199.0,RedTape Men's Black Sliders,659.0,"6,7,8,9,10,11",₹
 RedTape, WHITE/MULTI, RTE3636,5199.0,RedTape Men's White/Multi Sneakers,1559.0,"6,7,8,9,10",₹
 RedTape, OLIVE  , RSO2253,5299.0,RedTape Men's Olive Walking Shoes,1589.0,"6,7,8,9",₹
 RedTape, BLACK, RSO2252,5299.0,RedTape Men's Black Walking Shoes,1589.0,"7,9",₹
 RedTape, BLACK, RFF0871,2199.0,RedTape Men's Black Sliders,659.0,"6,7,8,9,10,11",₹
 RedTape, NAVY  , RFF0841,2199.0,RedTape Men's Navy Sliders,659.0,"6,7,8,9,10,11",₹
 RedTape, GREY , RFF0833,2199.0,RedTape Men's Grey Sliders,659.0,"6,7,8,9,10,11",₹
 RedTape, BLACK/GREEN, RFF0843,2199.0,RedTape Men's Black/Green Sliders,659.0,"6,7,8,9,10,11",₹
 RedTape, LIGHT BLUE , RSO1942,5099.0,RedTape Men's Light Blue Walking Shoes,1529.0,9,₹
 RedTape, BLACK, RSO1951,5799.0,RedTape Men's Black Walking Shoes,1739.0,"6,7,8,9,10",₹
 RedTape, BROWN, RTE3582,6999.0,RedTape Men's Brown Slip-On Shoes,2099.0,7,₹
 RedTape, TAN, RCS0046,3999.0,RedTape Men's Tan Thong Sandal,1199.0,"7,8,9,10,11",₹
 RedTape, BLACK/BLUE, RFF0844,2199.0,RedTape Men's Black/Blue Sliders,659.0,"6,7,8,9,10,11",₹
 RedTape, BLACK, RCS0041,3999.0,RedTape Men's Black Thong Sandal,1199.0,"8,9,10,11",₹
 RedTape, BLACK, RTE3611,6999.0,RedTape Men's Black Slip-On Shoes,2099.0,"7,8,9",₹
 RedTape, BROWN, RCS0042,3999.0,RedTape Men's Brown Thong Sandal,1199.0,"7,8,9,10,11",₹
 RedTape, BLACK, RTE3481,6899.0,RedTape Men's Black Derby Shoes,2069.0,"7,8",₹
 RedTape, BLACK, RTE3483,7499.0,RedTape Men's Black Derby Shoes,2249.0,7,₹
 RedTape, BLACK, RTE3571,6999.0,RedTape Men's Black Moccasin,2099.0,"7,8",₹
 RedTape, BLACK, RSO1941,5099.0,RedTape Men's Black Walking Shoes,1529.0,"7,8,9,11",₹
 RedTape, BROWN, RTE2794,6999.0,RedTape Men's Brown Moccasin,2099.0,7,₹
 RedTape, BLACK, RSO1691,5299.0,RedTape Men's Black Walking Shoes,1589.0,"6,7,8,9,10",₹
 RedTape, BLACK, RTE3601,6999.0,RedTape Men's Black Slip-On Shoes,2099.0,"7,8,9",₹
 RedTape, BLACK, RTE3591,6899.0,RedTape Men's Black Slip-On Shoes,2069.0,"8,9",₹
 RedTape, BLACK, RFF0811,2199.0,RedTape Men's Black Sliders,659.0,"6,7,8,9,10",₹
 RedTape, DARK BROWN, RCS0008,3999.0,RedTape Men's Dark Brown Thong Sandal,1199.0,"7,8,9,10,11",₹
 RedTape, LIGHT BROWN, RCS0033,3999.0,RedTape Men's Light Brown Thong Sandal,1199.0,"7,8,9,10,11",₹
 RedTape, BLACK, RCS0036,3999.0,RedTape Men's Black Thong Sandal,1199.0,"7,8,9,10,11",₹
 RedTape, BLACK, RTE3531,6999.0,RedTape Men's Black Derby Shoes,2099.0,"7,10",₹
 RedTape, AIRFORCE BLUE, RFF0824,1799.0,RedTape Men Blue Sunnies Sliders,539.0,"6,7,8,9,10",₹
 RedTape, NAVY  , RFF0827,1799.0,RedTape Men Navy Blue Solid Sunnies Sliders,539.0,"6,7,8,9,10",₹
 RedTape, BLACK, RFF0821,1799.0,RedTape Men Black Solid Sunnies Sliders,539.0,"6,7,8,9,10",₹
 RedTape, NAVY  , RSO1994,4899.0,RedTape Men's Navy Walking Shoes,1469.0,"6,8,9",₹
 RedTape, BLACK, RSO2091,5299.0,RedTape Men's Black Walking Shoes,1589.0,"6,7,8,9,10",₹
 RedTape, ELECTRIC BLUE, RFF0826,1799.0,RedTape Men Blue Sunnies Sliders,539.0,"6,7,8,9,10",₹
 RedTape, BLACK, RFF0801,1799.0,RedTape Men Black Sunnies Thong Flip-Flops,539.0,"6,7,8,9,10",₹
 RedTape, ELECTRIC BLUE, RFF0808,1799.0,RedTape Men Blue Sunnies Thong Flip-Flops,539.0,"6,7,8,9,10",₹
 RedTape, NAVY  , RFF0804,1799.0,RedTape Men Navy Blue Sunnies Thong Flip-Flops,539.0,"6,7,8,9,10",₹
 Bond Street by RedTape, BLACK, BSA2021,4899.0,Bond Street by RedTape Men's Black Walking Shoes,1469.0,"8,11",₹
 RedTape, AIRFORCE BLUE, RFF0803,1799.0,RedTape Men Blue Sunnies Thong Flip-Flops,539.0,"6,7,8,9,10",₹
 RedTape, BLACK, RSO1881,5399.0,RedTape Men's Black Walking Shoes,1619.0,6,₹
 RedTape, DARK GREEN, RFF0812,2199.0,RedTape Men's Dark Green Sliders,659.0,"6,7,8,9,10,11",₹
 RedTape, GREY , RFF0807,1799.0,RedTape Men Grey Sunnies Sliders,539.0,"6,7,8,9,10",₹
 RedTape, BLACK, RSO1991,4899.0,RedTape Men's Black Walking Shoes,1469.0,"6,10,11",₹
 RedTape, BLUE, RSO1264B,6599.0,RedTape Men's Blue Walking Shoes,1979.0,"6,7,10",₹
 RedTape, WHITE  , RSO1565B,5599.0,RedTape Men's White Walking Shoes,1679.0,"6,10,11",₹
 RedTape, WHITE  , RSO1735A,6299.0,RedTape Men's White Walking Shoes,1889.0,"6,9,10",₹
 Bond Street by RedTape, BLUE BLACK, BSA2071,4999.0,Bond Street by RedTape Men's Black And Blue Walking Shoes,1499.0,"8,10,11",₹
 RedTape, BLACK, RSO1621,6299.0,RedTape Men's Black Walking Shoes,1889.0,"6,9,10",₹
 RedTape, WHITE  , RFF0735,1999.0,RedTape Men's White Sliders,599.0,"6,7,8,9,10,11",₹
 RedTape, WHITE  , RSO1605,6299.0,RedTape Men's White Walking Shoes,1889.0,"6,7,9,10,11",₹
 RedTape, GREY , RFF0823,1799.0,RedTape Men Grey Solid Sunnies Thong Flip Flops,539.0,"6,7,8,9,10",₹
 RedTape, NAVY  , RSO1604,6299.0,RedTape Men's Navy Walking Shoes,1889.0,6,₹
 RedTape, BLACK, RSO1301A,5499.0,RedTape Men's Black Walking Shoes,1649.0,10,₹
 RedTape, NAVY  , RCS0034A,3999.0,RedTape Men's Navy Thong Sandal,1199.0,"7,8,9,10,11",₹
 RedTape, BROWN, RCS0032A,3999.0,RedTape Men's Brown Thong Sandal,1199.0,"7,8",₹
 RedTape, WHITE  , RSO1295A,5499.0,RedTape Men's White Walking Shoes,1649.0,"6,7,8,9",₹
 RedTape, BLACK, RSO1291A,5499.0,RedTape Men's Black Walking Shoes,1649.0,10,₹
 RedTape, BLACK, RCS0031A,3999.0,RedTape Men's Black Thong Sandal,1199.0,8,₹
 RedTape, BORDO, RTE2782A,6599.0,RedTape Men's Bordo Slip-On Shoes,1979.0,"7,8,9,10",₹
 RedTape, WHITE  , RSO1305A,5499.0,RedTape Men's White Walking Shoes,1649.0,9,₹
 RedTape, BLACK, RTE3401A,6799.0,RedTape Men's Black Derby Shoes,2039.0,"8,9",₹
 RedTape, TAN, RTE2803A,6199.0,RedTape Men's Tan Slip-On Shoes,1859.0,"7,8,9,10",₹
 RedTape, BLACK, RSO1311A,5499.0,RedTape Men's Black Walking Shoes,1649.0,"6,7,8",₹
 RedTape, NAVY  , RCS0004A,3999.0,RedTape Men's Navy Thong Slippers,1199.0,"7,8,9,11",₹
 RedTape, BLACK, RFF0771,2199.0,RedTape Men's Black Sliders,659.0,"6,7,8,9,10,11",₹
 RedTape, NAVY  , RCS0014A,3999.0,RedTape Men's Navy Thong Slippers,1199.0,"8,9,10,11",₹
 RedTape, BLACK WHITE, RSO1531,6299.0,RedTape Men's Black And White Walking Shoes,1889.0,6,₹
 RedTape, BLACK, RFF0761,2199.0,RedTape Men's Black Sliders,659.0,"6,7,8,9,10,11",₹
 RedTape, NAVY  , RFF0744,2199.0,RedTape Men's Navy Sliders,659.0,"6,7,8,9,10,11",₹
 RedTape, NAVY  , RFF0734,1999.0,RedTape Men's Navy Sliders,599.0,"6,7,8,9,10,11",₹
 RedTape, NAVY  , RFF0774,2199.0,RedTape Men's Navy Sliders,659.0,"6,7,8,9,10,11",₹
 RedTape, BLACK, RFF0791,1299.0,RedTape Men's Black Sliders,389.0,"6,7,8,9,10,11",₹
 RedTape, BLUE, RFF0743,2199.0,RedTape Men's Blue Sliders,659.0,"6,7,8,9,10,11",₹
 RedTape, BLACK, RFF0781,1499.0,RedTape Men's Black Sliders,449.0,"6,7,8,9,10,11",₹
 RedTape, BLACK, RFF0751,1999.0,RedTape Men's Black Sliders,599.0,"6,7,8,9,10,11",₹
 RedTape, NAVY  , RFF0755,2199.0,RedTape Men's Navy Sliders,659.0,"6,7,8,9,10,11",₹
 RedTape, NAVY  , RFF0094B,1999.0,RedTape Men's Navy Sliders,599.0,"7,8,9,10,11",₹
 RedTape, BLACK, RFF0091A,1999.0,RedTape Men's Black Sliders,599.0,"6,7,8,9,10,11",₹
 RedTape, WHITE  , RFF0085A,1999.0,RedTape Men's White Sliders,599.0,"6,7,8,9,10,11",₹
 RedTape, OLIVE  , RFF0767,2199.0,RedTape Men's Olive Sliders,659.0,"6,7,8,9,10,11",₹
 RedTape, TAN, RTE2783,6199.0,RedTape Men's Tan Slip On Shoes,1859.0,7,₹
 RedTape, MAROON , RFF0725,2199.0,RedTape Men's Maroon Sliders,659.0,"6,7,8,9,10,11",₹
 RedTape, WHITE  , RFF0095A,1999.0,RedTape Men's White Sliders,599.0,"6,7,8,9,10,11",₹
 RedTape, BLACK, RFF0101A,1999.0,RedTape Men's Black Sliders,599.0,"6,7,8,9,10,11",₹
 RedTape, GREY , RFF0096A,1999.0,RedTape Men's Grey Sliders,599.0,"6,7,8,9,10,11",₹
 RedTape, WHITE  , RFF0105A,1999.0,RedTape Men's White Sliders,599.0,"6,7,8,9,10,11",₹
 RedTape, NAVY  , RFF0104A,1999.0,RedTape Men's Navy Sliders,599.0,"6,7,8,9,10,11",₹
 RedTape, BLACK, RFF0731,1999.0,RedTape Men's Black Sliders,599.0,"6,7,8,9,10,11",₹
 RedTape, NAVY  , RFF0765,2199.0,RedTape Men's Navy Slider,659.0,"6,7,8,9,10,11",₹
 RedTape, BLUE, RFF0723,2199.0,RedTape Men's Blue Sliders,659.0,"6,7,8,9,10,11",₹
 RedTape, OFF WHITE , RTE3176,4699.0,RedTape Men Off White Sneakers,1409.0,"6,7,8,10",₹
 RedTape, NAVY  , RSO1134,5999.0,RedTape Men Navy Walking Shoes,1799.0,"6,9,10,11",₹
 RedTape, GREEN , RSO1116,5999.0,RedTape Men Green Walking Shoes,1799.0,6,₹
 RedTape, WHITE  , RFF0075A,1999.0,RedTape Men's White Sliders,599.0,"6,7,8,9,10,11",₹
 RedTape, BORDO, RTE2963,6299.0,RedTape Men Bordo Driving Shoes,1889.0,7,₹
 RedTape, NAVY  , RFF0074A,1999.0,RedTape Men's Navy Sliders,599.0,"6,7,8,9,10,11",₹
 RedTape, GREY , RFF0076A,1999.0,RedTape Men's Grey Sliders,599.0,"6,7,8,9,10,11",₹
 RedTape, BLACK, RFF0081A,1999.0,RedTape Men's Black Sliders,599.0,"6,7,8,9,10,11",₹
 RedTape, NAVY  , RFF0084A,1999.0,RedTape Men's Navy Sliders,599.0,"6,7,8,9,10,11",₹
 RedTape, BLACK, RFF0711,1099.0,RedTape Men Black Flop Flops,329.0,"6,7,8,9,10,11",₹
 RedTape, GREY , RSO1017,6999.0,RedTape Men Grey Walking Shoes,2099.0,11,₹
 RedTape, TEAK, RTE3082,7299.0,RedTape Men Teak Boots,2189.0,9,₹
 RedTape, TAN, RTE2953,5999.0,RedTape Men Tan Loafers,1799.0,"6,7",₹
 RedTape, NAVY  , RTE3254,4299.0,RedTape Men Navy Sneakers,1289.0,11,₹
 RedTape, TEAK, RTE3032,5999.0,RedTape Men Teak Slip On Shoes,1799.0,"9,10",₹
 RedTape, BLACK, RSO1131,5999.0,RedTape Men Black Walking Shoes,1799.0,6,₹
 RedTape, BLACK, RTE3161,4599.0,RedTape Men Black Sneakers,1379.0,11,₹
 RedTape, TAN, RTE3052,5999.0,RedTape Men Tan Loafers,1799.0,"7,8,9,10",₹
 RedTape, TEAK, RTE3053,6299.0,RedTape Men Teak Slip On Shoes,1889.0,"7,9,10",₹
 RedTape, TAN, RTE3243,5899.0,RedTape Men Tan Loafers,1769.0,7,₹
 RedTape, BROWN, RTE3022,5999.0,RedTape Men Brown Loafers,1799.0,7,₹
 RedTape, NAVY  , RSE1164,3399.0,RedTape Men Navy Sandal,1019.0,"7,8,9",₹
 RedTape, BLACK, RSE1181,3399.0,RedTape Men Black Sandal,1019.0,"7,8",₹
 RedTape, NAVY  , RSO0994,7299.0,RedTape Men Navy Walking Shoes,2189.0,6,₹
 RedTape, BLUE, RSO1024,6999.0,RedTape Men Blue Walking Shoes,2099.0,9,₹
 RedTape, NAVY  , RTS11694D,7899.0,RedTape Men Navy Loafers,2369.0,7,₹
 RedTape, BROWN, RSO0772A,5399.0,RedTape Men Brown Walking Shoes,1619.0,11,₹
 RedTape, WHITE  , RSO0805A,5199.0,RedTape Men White Walking Shoes,1559.0,11,₹
 RedTape, TAN, RTS11693D,7899.0,RedTape Men Tan Loafers,2369.0,7,₹
 RedTape, NAVY  , RSO0774A,5399.0,RedTape Men Navy Walking Shoes,1619.0,11,₹
 RedTape, TAN, RTE2973,6099.0,RedTape Men Tan Driving Shoes,1829.0,7,₹
 RedTape, BROWN, RTE2962,6299.0,RedTape Men Brown Driving Shoes,1889.0,7,₹
 RedTape, NAVY  , RSO0794A,5399.0,RedTape Men Navy Walking Shoes,1619.0,"10,11",₹
 RedTape, MULTI, RFF0561,499.0,"Men's multi coloured sliders,flip flops",149.0,"6,7,8,9,10",₹
 RedTape, MULTI, RFF0614,499.0,"Men's multi coloured sliders,flip flops",149.0,"6,7,9,10",₹
 RedTape, MULTI, RFF0583,499.0,"Men's multi coloured sliders,flip flops",149.0,"6,7,8,9,10",₹
 RedTape, MULTI, RFF0608,499.0,"Men's multi coloured sliders,flip flops",149.0,"6,7,8,9,10",₹
 RedTape, MULTI, RFF0571,499.0,"Men's multi coloured sliders,flip flops",149.0,"6,7,8,9,10",₹
 RedTape, BROWN, RTS11466D,7899.0,RedTape Men Brown Loafers,2369.0,10,₹
 RedTape, MULTI, RFF0591,499.0,"Men's multi coloured sliders,flip flops",149.0,"6,7,8,9,10",₹
 RedTape, TEAK, RTE2232,6495.0,RedTape Men Teak Slip On Shoes,1948.0,"7,8,9,10",₹
 RedTape, BLACK, RSO0862A,5899.0,RedTape Men Black Walking Shoes,1769.0,11,₹
 RedTape, NAVY BLUE , RSO0844A,5799.0,RedTape Men Navy Blue Walking Shoes,1739.0,11,₹
 RedTape, GREEN , RSO0846A,5799.0,RedTape Men Green Walking Shoes,1739.0,11,₹
 RedTape, TAN, RTS11673D,5999.0,RedTape Men Tan Loafers,1799.0,"7,8,9,10",₹
 RedTape, MULTI, RFF0533,499.0,"Men's multi coloured sliders,flip flops",149.0,"6,7,8,9,10",₹
 RedTape, MULTI, RFF0544,499.0,"Men's multi coloured sliders,flip flops",149.0,"6,7,8,9,10",₹
 RedTape, MULTI, RFF0528,499.0,"Men's multi coloured sliders,flip flops",149.0,"6,7,8,9,10",₹
 RedTape, MULTI, RFF0514,499.0,"Men's multi coloured sliders,flip flops",149.0,"6,7,8,9,10",₹
 RedTape, BLUE, RFF0444,499.0,"Men's blue sliders,flip flops",149.0,"6,7,8,9,10",₹
 RedTape, MULTI, RFF0551,499.0,"Men's multi coloured sliders,flip flops",149.0,"6,7,8,9,10",₹
 RedTape, MAROON , RFF0452,499.0,"Men's maroon sliders,flip flops",149.0,"6,7,8,9,10",₹
 RedTape, MULTI, RFF0481,499.0,"Men's multi coloured sliders,flip flops",149.0,"6,7,8,9,10",₹
 RedTape, GREEN , RFF0468,499.0,"Men's green sliders,flip flops",149.0,"6,7,8,9,10",₹
 RedTape, BLACK, RFF0471,499.0,"Men's black sliders,flip flops",149.0,"6,7,8,9,10",₹
 RedTape, MULTI, RFF0491,499.0,"Men's multi coloured sliders,flip flops",149.0,"6,7,8,9,10",₹
 RedTape, MULTI, RFF0501,499.0,"Men's multi coloured sliders,flip flops",149.0,"6,7,8,9,10",₹
 RedTape, BLACK, RFF0421,499.0,"Men's black sliders,flip flops",149.0,"6,7,8,9,10,11",₹
 RedTape, NAVY  , RFF0414,499.0,"Men's navy sliders,flip flops",149.0,"6,7,8,9,10,11",₹
 RedTape, GREY , RFF0438,499.0,"Men's grey sliders,flip flops",149.0,"6,7,8,9,10",₹
 RedTape, BLACK, RFF0331,499.0,"Men's black sliders,flip flops",149.0,"6,7,8,9,10,11",₹
 RedTape, GREEN , RFF0308,499.0,"Men's green sliders,flip flops",149.0,"6,7,8,9,10,11",₹
 RedTape, MULTI, RFF0315,499.0,"Men's multi coloured sliders,flip flops",149.0,"6,7,8,9,10,11",₹
 RedTape, GREEN , RFF0326,499.0,"Men's green sliders,flip flops",149.0,"6,7,8,9,10,11",₹
 RedTape, RED , RFF0342,499.0,"Men's red sliders,flip flops",149.0,"6,7,8,9,10,11",₹
 RedTape, MULTI, RFF0355,499.0,"Men's multi coloured sliders,flip flops",149.0,"6,7,8,9,10,11",₹
 RedTape, MULTI, RFF0368,499.0,"Men's multi coloured sliders,flip flops",149.0,"6,7,8,9,10,11",₹
 RedTape, MULTI, RFF0388,499.0,"Men's multi coloured sliders,flip flops",149.0,"6,7,8,9,10,11",₹
 RedTape, RED , RFF0403,499.0,"Men's red sliders,flip flops",149.0,"6,7,8,9,10,11",₹
 RedTape, NAVY  , RFF0284,499.0,"Men's navy sliders,flip flops",149.0,"6,7,8,9,10,11",₹
 RedTape, MULTI, RFF0214,499.0,"Men's multi coloured sliders,flip flops",149.0,"6,7,8,9,10,11",₹
 RedTape, MULTI, RFF0298,499.0,"Men's multi coloured sliders,flip flops",149.0,"6,7,8,9,10,11",₹
 RedTape, BLUE, RFF0184,499.0,"Men's blue sliders,flip flops",149.0,"6,7,8,9,10,11",₹
 RedTape, BLUE, RFF0204,499.0,"Men's blue sliders,flip flops",149.0,"6,7,8,9,10,11",₹
 RedTape, RED , RFF0193,499.0,"Men's red sliders,flip flops",149.0,"6,7,8,9,10,11",₹
 RedTape, YELLOW  , RFF0276,499.0,"Men's yellow sliders,flip flops",149.0,"6,7,8,9,10,11",₹
 RedTape, NAVY  , RFF0224,499.0,"Men's navy sliders,flip flops",149.0,"6,7,8,9,10,11",₹
 RedTape, YELLOW  , RFF0253,499.0,"Men's yellow sliders,flip flops",149.0,"6,7,8,9,10,11",₹
 RedTape, BLUE, RFF0244,499.0,"Men's blue sliders,flip flops",149.0,"6,7,8,9,10,11",₹
 RedTape, WHITE  , RFF0235,499.0,"Men's white sliders,flip flops",149.0,"6,7,8,9,10,11",₹
 RedTape, YELLOW  , RFF0263,499.0,"Men's yellow sliders,flip flops",149.0,"6,7,8,9,10,11",₹
 RedTape, WHITE  , RFF0105,1499.0,RedTape Men White Sliders,449.0,"6,7,8,9,10,11",₹
 RedTape, MULTI, RFF0158,499.0,"Men's multi coloured sliders,flip flops",149.0,"6,7,8,9,10,11",₹
 RedTape, NAVY  , RFF0144,499.0,"Men's navy sliders,flip flops",149.0,"6,7,8,9,10,11",₹
 RedTape, NAVY  , RFF0104,1499.0,RedTape Men Navy Sliders,449.0,"6,7,8,9,10,11",₹
 RedTape, MULTI, RFF0114,499.0,"Men's multi coloured sliders,flip flops",149.0,"6,7,8,9,10,11",₹
 RedTape, BROWN, RFF0162,499.0,"Men's brown sliders,flip flops",149.0,"6,7,8,9,10,11",₹
 RedTape, BLUE, RFF0134,499.0,"Men's blue sliders,flip flops",149.0,"6,7,8,9,10,11",₹
 RedTape, GREEN , RFF0126,499.0,"Men's green sliders,flip flops",149.0,"6,7,8,9,10,11",₹
 RedTape, GREY , RFF0096,1499.0,RedTape Men Grey Sliders,449.0,"6,7,8,9,10,11",₹
 RedTape, MULTI, RFF0178,499.0,"Men's multi coloured sliders,flip flops",149.0,"6,7,8,9,10,11",₹
 RedTape, BROWN, RFF0102,499.0,"Men's brown sliders,flip flops",149.0,"6,7,8,9,10,11",₹
 RedTape, BLACK, RFF0101,1499.0,RedTape Men Black Sliders,449.0,"6,7,8,9,10,11",₹
 RedTape, WHITE  , RFF0095,1499.0,RedTape Men White Sliders,449.0,"6,7,8,9,10,11",₹
 RedTape, MULTI, RFF0094,499.0,"Men's multi coloured sliders,flip flops",149.0,"6,7,8,9,10,11",₹
 RedTape, BLACK, RFF0091,1999.0,RedTape Men Black Sliders,599.0,"6,7,8,9,10,11",₹
 RedTape, NAVY  , RFF0094A,1499.0,RedTape Men Navy Sliders,449.0,"6,7,8,9,10,11",₹
 RedTape, MAROON , RFF0072,499.0,"Men's maroon sliders,flip flops",149.0,"6,7,8,9,10,11",₹
 RedTape, NAVY  , RFF0054,499.0,"Men's navy sliders,flip flops",149.0,"6,7,8,9,10,11",₹
 RedTape, NAVY  , RFF0074,1499.0,RedTape Men Navy Sliders,449.0,"6,7,8,9,10,11",₹
 RedTape, GREY , RFF0076,1499.0,RedTape Men Grey Sliders,449.0,"6,7,8,9,10,11",₹
 RedTape, WHITE  , RFF0075,1499.0,RedTape Men White Sliders,449.0,"6,7,8,9,10,11",₹
 RedTape, WHITE  , RFF0085,1499.0,RedTape Men White Sliders,449.0,"6,7,8,9,10,11",₹
 RedTape, BLACK, RFF0081,1499.0,RedTape Men Black Sliders,449.0,"6,7,8,9,10,11",₹
 RedTape, NAVY  , RFF0084,1499.0,RedTape Men Navy Sliders,449.0,"6,7,8,9,10,11",₹
 RedTape, BLUE, RSO0224A,7295.0,RedTape Men Blue Walking Shoes,2188.0,"7,9",₹
 RedTape, BLACK, RSC0621D,6495.0,RedTape Men Black Walking Shoes,1948.0,"9,10,11",₹
 RedTape, MULTI, RFF0028,499.0,"Men's multi coloured sliders,flip flops",149.0,"6,7,8,9,10,11",₹
 RedTape, BLUE, RFF0044,499.0,"Men's blue sliders,flip flops",149.0,"6,7,8,9,10,11",₹
 RedTape, MULTI, RFF0038,499.0,"Men's multi coloured sliders,flip flops",149.0,"6,7,8,9,10,11",₹
 RedTape, NAVY  , RSC0624D,6495.0,RedTape Men Navy Walking Shoes,1948.0,"9,11",₹
 RedTape, BLACK, RSO0221A,7295.0,RedTape Men Black Walking Shoes,2188.0,10,₹
 RedTape, BLUE, RSO0234D,6995.0,RedTape Men Blue Walking Shoes,2098.0,"6,9",₹
 RedTape, WHITE  , RSO0235D,7295.0,RedTape Men White Walking Shoes,2188.0,"10,11",₹
 RedTape, BURGUNDY, RSO0343D,6495.0,RedTape Men Burgundy Walking Shoes,1948.0,"7,8,9,10,11",₹
 RedTape, BLACK, RFF0011,499.0,"Men's black sliders,flip flops",149.0,"6,7,8,9,10,11",₹
 RedTape, NAVY  , RSO0474,5695.0,RedTape Men Navy Walking Shoes,1708.0,11,₹
 RedTape, BLACK, RSE1041,3195.0,RedTape Men Black Sandal,958.0,7,₹
 RedTape, NAVY  , RSE1044,3195.0,RedTape Men Navy Sandal,958.0,7,₹
